ts_rgb0(s),path_rgb0
0.000000,rgb_0/img_00.png
0.033333,rgb_0/img_01.png
0.066667,rgb_0/img_02.png
0.100000,rgb_0/img_03.png
0.133333,rgb_0/img_04.png
0.166667,rgb_0/img_05.png
0.200000,rgb_0/img_06.png
0.233333,rgb_0/img_07.png
0.266667,rgb_0/img_08.png
0.300000,rgb_0/img_09.png
0.333333,rgb_0/img_10.png
0.366667,rgb_0/img_11.png
0.400000,rgb_0/img_12.png
0.433333,rgb_0/img_13.png
0.466667,rgb_0/img_14.png
0.500000,rgb_0/img_15.png
0.533333,rgb_0/img_16.png
0.566667,rgb_0/img_17.png
0.600000,rgb_0/img_18.png
0.633333,rgb_0/img_19.png
0.666667,rgb_0/img_20.png
0.700000,rgb_0/img_21.png
0.733333,rgb_0/img_22.png
0.766667,rgb_0/img_23.png
0.800000,rgb_0/img_24.png
0.833333,rgb_0/img_25.png
0.866667,rgb_0/img_26.png
0.900000,rgb_0/img_27.png
0.933333,rgb_0/img_28.png
0.966667,rgb_0/img_29.png
1.000000,rgb_0/img_30.png
1.033333,rgb_0/img_31.png
1.066667,rgb_0/img_32.png
1.100000,rgb_0/img_33.png
1.133333,rgb_0/img_34.png
1.166667,rgb_0/img_35.png
1.200000,rgb_0/img_36.png
1.233333,rgb_0/img_37.png
1.266667,rgb_0/img_38.png
1.300000,rgb_0/img_39.png
1.333333,rgb_0/img_40.png
1.366667,rgb_0/img_41.png
1.400000,rgb_0/img_42.png
1.433333,rgb_0/img_43.png
1.466667,rgb_0/img_44.png
1.500000,rgb_0/img_45.png
1.533333,rgb_0/img_46.png
1.566667,rgb_0/img_47.png
1.600000,rgb_0/img_48.png
1.633333,rgb_0/img_49.png
1.666667,rgb_0/img_50.png
1.700000,rgb_0/img_51.png
1.733333,rgb_0/img_52.png
1.766667,rgb_0/img_53.png
1.800000,rgb_0/img_54.png
1.833333,rgb_0/img_55.png
1.866667,rgb_0/img_56.png
1.900000,rgb_0/img_57.png
1.933333,rgb_0/img_58.png
1.966667,rgb_0/img_59.png
2.000000,rgb_0/img_60.png
2.033333,rgb_0/img_61.png
2.066667,rgb_0/img_62.png
2.100000,rgb_0/img_63.png
2.133333,rgb_0/img_64.png
2.166667,rgb_0/img_65.png
2.200000,rgb_0/img_66.png
2.233333,rgb_0/img_67.png
2.266667,rgb_0/img_68.png
2.300000,rgb_0/img_69.png
2.333333,rgb_0/img_70.png
2.366667,rgb_0/img_71.png
2.400000,rgb_0/img_72.png
2.433333,rgb_0/img_73.png
2.466667,rgb_0/img_74.png
2.500000,rgb_0/img_75.png
2.533333,rgb_0/img_76.png
2.566667,rgb_0/img_77.png
2.600000,rgb_0/img_78.png
2.633333,rgb_0/img_79.png
2.666667,rgb_0/img_80.png
2.700000,rgb_0/img_81.png
2.733333,rgb_0/img_82.png
2.766667,rgb_0/img_83.png
2.800000,rgb_0/img_84.png
2.833333,rgb_0/img_85.png
2.866667,rgb_0/img_86.png
2.900000,rgb_0/img_87.png
2.933333,rgb_0/img_88.png
2.966667,rgb_0/img_89.png
3.000000,rgb_0/img_90.png
3.033333,rgb_0/img_91.png
3.066667,rgb_0/img_92.png
3.100000,rgb_0/img_93.png
3.133333,rgb_0/img_94.png
3.166667,rgb_0/img_95.png
3.200000,rgb_0/img_96.png
3.233333,rgb_0/img_97.png
3.266667,rgb_0/img_98.png
3.300000,rgb_0/img_99.png
3.333333,rgb_0/img_100.png
3.366667,rgb_0/img_101.png
3.400000,rgb_0/img_102.png
3.433333,rgb_0/img_103.png
3.466667,rgb_0/img_104.png
3.500000,rgb_0/img_105.png
3.533333,rgb_0/img_106.png
3.566667,rgb_0/img_107.png
3.600000,rgb_0/img_108.png
3.633333,rgb_0/img_109.png
3.666667,rgb_0/img_110.png
3.700000,rgb_0/img_111.png
3.733333,rgb_0/img_112.png
3.766667,rgb_0/img_113.png
3.800000,rgb_0/img_114.png
3.833333,rgb_0/img_115.png
3.866667,rgb_0/img_116.png
3.900000,rgb_0/img_117.png
3.933333,rgb_0/img_118.png
3.966667,rgb_0/img_119.png
4.000000,rgb_0/img_120.png
4.033333,rgb_0/img_121.png
4.066667,rgb_0/img_122.png
4.100000,rgb_0/img_123.png
4.133333,rgb_0/img_124.png
4.166667,rgb_0/img_125.png
4.200000,rgb_0/img_126.png
4.233333,rgb_0/img_127.png
4.266667,rgb_0/img_128.png
4.300000,rgb_0/img_129.png
4.333333,rgb_0/img_130.png
4.366667,rgb_0/img_131.png
4.400000,rgb_0/img_132.png
4.433333,rgb_0/img_133.png
4.466667,rgb_0/img_134.png
4.500000,rgb_0/img_135.png
4.533333,rgb_0/img_136.png
4.566667,rgb_0/img_137.png
4.600000,rgb_0/img_138.png
4.633333,rgb_0/img_139.png
4.666667,rgb_0/img_140.png
4.700000,rgb_0/img_141.png
4.733333,rgb_0/img_142.png
4.766667,rgb_0/img_143.png
4.800000,rgb_0/img_144.png
4.833333,rgb_0/img_145.png
4.866667,rgb_0/img_146.png
4.900000,rgb_0/img_147.png
4.933333,rgb_0/img_148.png
4.966667,rgb_0/img_149.png
5.000000,rgb_0/img_150.png
5.033333,rgb_0/img_151.png
5.066667,rgb_0/img_152.png
5.100000,rgb_0/img_153.png
5.133333,rgb_0/img_154.png
5.166667,rgb_0/img_155.png
5.200000,rgb_0/img_156.png
5.233333,rgb_0/img_157.png
5.266667,rgb_0/img_158.png
5.300000,rgb_0/img_159.png
5.333333,rgb_0/img_160.png
5.366667,rgb_0/img_161.png
5.400000,rgb_0/img_162.png
5.433333,rgb_0/img_163.png
5.466667,rgb_0/img_164.png
5.500000,rgb_0/img_165.png
5.533333,rgb_0/img_166.png
5.566667,rgb_0/img_167.png
5.600000,rgb_0/img_168.png
5.633333,rgb_0/img_169.png
5.666667,rgb_0/img_170.png
5.700000,rgb_0/img_171.png
5.733333,rgb_0/img_172.png
5.766667,rgb_0/img_173.png
5.800000,rgb_0/img_174.png
5.833333,rgb_0/img_175.png
5.866667,rgb_0/img_176.png
5.900000,rgb_0/img_177.png
5.933333,rgb_0/img_178.png
5.966667,rgb_0/img_179.png
6.000000,rgb_0/img_180.png
6.033333,rgb_0/img_181.png
6.066667,rgb_0/img_182.png
6.100000,rgb_0/img_183.png
6.133333,rgb_0/img_184.png
6.166667,rgb_0/img_185.png
6.200000,rgb_0/img_186.png
6.233333,rgb_0/img_187.png
6.266667,rgb_0/img_188.png
6.300000,rgb_0/img_189.png
6.333333,rgb_0/img_190.png
6.366667,rgb_0/img_191.png
6.400000,rgb_0/img_192.png
6.433333,rgb_0/img_193.png
6.466667,rgb_0/img_194.png
6.500000,rgb_0/img_195.png
6.533333,rgb_0/img_196.png
6.566667,rgb_0/img_197.png
6.600000,rgb_0/img_198.png
6.633333,rgb_0/img_199.png
6.666667,rgb_0/img_200.png
6.700000,rgb_0/img_201.png
6.733333,rgb_0/img_202.png
6.766667,rgb_0/img_203.png
6.800000,rgb_0/img_204.png
6.833333,rgb_0/img_205.png
6.866667,rgb_0/img_206.png
6.900000,rgb_0/img_207.png
6.933333,rgb_0/img_208.png
6.966667,rgb_0/img_209.png
7.000000,rgb_0/img_210.png
7.033333,rgb_0/img_211.png
7.066667,rgb_0/img_212.png
7.100000,rgb_0/img_213.png
7.133333,rgb_0/img_214.png
7.166667,rgb_0/img_215.png
7.200000,rgb_0/img_216.png
7.233333,rgb_0/img_217.png
7.266667,rgb_0/img_218.png
7.300000,rgb_0/img_219.png
7.333333,rgb_0/img_220.png
7.366667,rgb_0/img_221.png
7.400000,rgb_0/img_222.png
7.433333,rgb_0/img_223.png
7.466667,rgb_0/img_224.png
7.500000,rgb_0/img_225.png
7.533333,rgb_0/img_226.png
7.566667,rgb_0/img_227.png
7.600000,rgb_0/img_228.png
7.633333,rgb_0/img_229.png
7.666667,rgb_0/img_230.png
7.700000,rgb_0/img_231.png
7.733333,rgb_0/img_232.png
7.766667,rgb_0/img_233.png
7.800000,rgb_0/img_234.png
7.833333,rgb_0/img_235.png
7.866667,rgb_0/img_236.png
7.900000,rgb_0/img_237.png
7.933333,rgb_0/img_238.png
7.966667,rgb_0/img_239.png
8.000000,rgb_0/img_240.png
8.033333,rgb_0/img_241.png
8.066667,rgb_0/img_242.png
8.100000,rgb_0/img_243.png
8.133333,rgb_0/img_244.png
8.166667,rgb_0/img_245.png
8.200000,rgb_0/img_246.png
8.233333,rgb_0/img_247.png
8.266667,rgb_0/img_248.png
8.300000,rgb_0/img_249.png
8.333333,rgb_0/img_250.png
8.366667,rgb_0/img_251.png
8.400000,rgb_0/img_252.png
8.433333,rgb_0/img_253.png
8.466667,rgb_0/img_254.png
8.500000,rgb_0/img_255.png
8.533333,rgb_0/img_256.png
8.566667,rgb_0/img_257.png
8.600000,rgb_0/img_258.png
8.633333,rgb_0/img_259.png
8.666667,rgb_0/img_260.png
8.700000,rgb_0/img_261.png
8.733333,rgb_0/img_262.png
8.766667,rgb_0/img_263.png
8.800000,rgb_0/img_264.png
8.833333,rgb_0/img_265.png
8.866667,rgb_0/img_266.png
8.900000,rgb_0/img_267.png
8.933333,rgb_0/img_268.png
8.966667,rgb_0/img_269.png
9.000000,rgb_0/img_270.png
9.033333,rgb_0/img_271.png
9.066667,rgb_0/img_272.png
9.100000,rgb_0/img_273.png
9.133333,rgb_0/img_274.png
9.166667,rgb_0/img_275.png
9.200000,rgb_0/img_276.png
9.233333,rgb_0/img_277.png
9.266667,rgb_0/img_278.png
9.300000,rgb_0/img_279.png
9.333333,rgb_0/img_280.png
9.366667,rgb_0/img_281.png
9.400000,rgb_0/img_282.png
9.433333,rgb_0/img_283.png
9.466667,rgb_0/img_284.png
9.500000,rgb_0/img_285.png
9.533333,rgb_0/img_286.png
9.566667,rgb_0/img_287.png
9.600000,rgb_0/img_288.png
9.633333,rgb_0/img_289.png
9.666667,rgb_0/img_290.png
9.700000,rgb_0/img_291.png
9.733333,rgb_0/img_292.png
9.766667,rgb_0/img_293.png
9.800000,rgb_0/img_294.png
9.833333,rgb_0/img_295.png
9.866667,rgb_0/img_296.png
9.900000,rgb_0/img_297.png
9.933333,rgb_0/img_298.png
9.966667,rgb_0/img_299.png
10.000000,rgb_0/img_300.png
10.033333,rgb_0/img_301.png
10.066667,rgb_0/img_302.png
10.100000,rgb_0/img_303.png
10.133333,rgb_0/img_304.png
10.166667,rgb_0/img_305.png
10.200000,rgb_0/img_306.png
10.233333,rgb_0/img_307.png
10.266667,rgb_0/img_308.png
10.300000,rgb_0/img_309.png
10.333333,rgb_0/img_310.png
10.366667,rgb_0/img_311.png
10.400000,rgb_0/img_312.png
10.433333,rgb_0/img_313.png
10.466667,rgb_0/img_314.png
10.500000,rgb_0/img_315.png
10.533333,rgb_0/img_316.png
10.566667,rgb_0/img_317.png
10.600000,rgb_0/img_318.png
10.633333,rgb_0/img_319.png
10.666667,rgb_0/img_320.png
10.700000,rgb_0/img_321.png
10.733333,rgb_0/img_322.png
10.766667,rgb_0/img_323.png
10.800000,rgb_0/img_324.png
10.833333,rgb_0/img_325.png
10.866667,rgb_0/img_326.png
10.900000,rgb_0/img_327.png
10.933333,rgb_0/img_328.png
10.966667,rgb_0/img_329.png
11.000000,rgb_0/img_330.png
11.033333,rgb_0/img_331.png
11.066667,rgb_0/img_332.png
11.100000,rgb_0/img_333.png
11.133333,rgb_0/img_334.png
11.166667,rgb_0/img_335.png
11.200000,rgb_0/img_336.png
11.233333,rgb_0/img_337.png
11.266667,rgb_0/img_338.png
11.300000,rgb_0/img_339.png
11.333333,rgb_0/img_340.png
11.366667,rgb_0/img_341.png
11.400000,rgb_0/img_342.png
11.433333,rgb_0/img_343.png
11.466667,rgb_0/img_344.png
11.500000,rgb_0/img_345.png
11.533333,rgb_0/img_346.png
11.566667,rgb_0/img_347.png
11.600000,rgb_0/img_348.png
11.633333,rgb_0/img_349.png
11.666667,rgb_0/img_350.png
11.700000,rgb_0/img_351.png
11.733333,rgb_0/img_352.png
11.766667,rgb_0/img_353.png
11.800000,rgb_0/img_354.png
11.833333,rgb_0/img_355.png
11.866667,rgb_0/img_356.png
11.900000,rgb_0/img_357.png
11.933333,rgb_0/img_358.png
11.966667,rgb_0/img_359.png
12.000000,rgb_0/img_360.png
12.033333,rgb_0/img_361.png
12.066667,rgb_0/img_362.png
12.100000,rgb_0/img_363.png
12.133333,rgb_0/img_364.png
12.166667,rgb_0/img_365.png
12.200000,rgb_0/img_366.png
12.233333,rgb_0/img_367.png
12.266667,rgb_0/img_368.png
12.300000,rgb_0/img_369.png
12.333333,rgb_0/img_370.png
12.366667,rgb_0/img_371.png
12.400000,rgb_0/img_372.png
12.433333,rgb_0/img_373.png
12.466667,rgb_0/img_374.png
12.500000,rgb_0/img_375.png
12.533333,rgb_0/img_376.png
12.566667,rgb_0/img_377.png
12.600000,rgb_0/img_378.png
12.633333,rgb_0/img_379.png
12.666667,rgb_0/img_380.png
12.700000,rgb_0/img_381.png
12.733333,rgb_0/img_382.png
12.766667,rgb_0/img_383.png
12.800000,rgb_0/img_384.png
12.833333,rgb_0/img_385.png
12.866667,rgb_0/img_386.png
12.900000,rgb_0/img_387.png
12.933333,rgb_0/img_388.png
12.966667,rgb_0/img_389.png
13.000000,rgb_0/img_390.png
13.033333,rgb_0/img_391.png
13.066667,rgb_0/img_392.png
13.100000,rgb_0/img_393.png
13.133333,rgb_0/img_394.png
13.166667,rgb_0/img_395.png
13.200000,rgb_0/img_396.png
13.233333,rgb_0/img_397.png
13.266667,rgb_0/img_398.png
13.300000,rgb_0/img_399.png
13.333333,rgb_0/img_400.png
13.366667,rgb_0/img_401.png
13.400000,rgb_0/img_402.png
13.433333,rgb_0/img_403.png
13.466667,rgb_0/img_404.png
13.500000,rgb_0/img_405.png
13.533333,rgb_0/img_406.png
13.566667,rgb_0/img_407.png
13.600000,rgb_0/img_408.png
13.633333,rgb_0/img_409.png
13.666667,rgb_0/img_410.png
13.700000,rgb_0/img_411.png
13.733333,rgb_0/img_412.png
13.766667,rgb_0/img_413.png
13.800000,rgb_0/img_414.png
13.833333,rgb_0/img_415.png
13.866667,rgb_0/img_416.png
13.900000,rgb_0/img_417.png
13.933333,rgb_0/img_418.png
13.966667,rgb_0/img_419.png
14.000000,rgb_0/img_420.png
14.033333,rgb_0/img_421.png
14.066667,rgb_0/img_422.png
14.100000,rgb_0/img_423.png
14.133333,rgb_0/img_424.png
14.166667,rgb_0/img_425.png
14.200000,rgb_0/img_426.png
14.233333,rgb_0/img_427.png
14.266667,rgb_0/img_428.png
14.300000,rgb_0/img_429.png
14.333333,rgb_0/img_430.png
14.366667,rgb_0/img_431.png
14.400000,rgb_0/img_432.png
14.433333,rgb_0/img_433.png
14.466667,rgb_0/img_434.png
14.500000,rgb_0/img_435.png
14.533333,rgb_0/img_436.png
14.566667,rgb_0/img_437.png
14.600000,rgb_0/img_438.png
14.633333,rgb_0/img_439.png
14.666667,rgb_0/img_440.png
14.700000,rgb_0/img_441.png
14.733333,rgb_0/img_442.png
14.766667,rgb_0/img_443.png
14.800000,rgb_0/img_444.png
14.833333,rgb_0/img_445.png
14.866667,rgb_0/img_446.png
14.900000,rgb_0/img_447.png
14.933333,rgb_0/img_448.png
14.966667,rgb_0/img_449.png
15.000000,rgb_0/img_450.png
15.033333,rgb_0/img_451.png
15.066667,rgb_0/img_452.png
15.100000,rgb_0/img_453.png
15.133333,rgb_0/img_454.png
15.166667,rgb_0/img_455.png
15.200000,rgb_0/img_456.png
15.233333,rgb_0/img_457.png
15.266667,rgb_0/img_458.png
15.300000,rgb_0/img_459.png
15.333333,rgb_0/img_460.png
15.366667,rgb_0/img_461.png
15.400000,rgb_0/img_462.png
15.433333,rgb_0/img_463.png
15.466667,rgb_0/img_464.png
15.500000,rgb_0/img_465.png
15.533333,rgb_0/img_466.png
15.566667,rgb_0/img_467.png
15.600000,rgb_0/img_468.png
15.633333,rgb_0/img_469.png
15.666667,rgb_0/img_470.png
15.700000,rgb_0/img_471.png
15.733333,rgb_0/img_472.png
15.766667,rgb_0/img_473.png
15.800000,rgb_0/img_474.png
15.833333,rgb_0/img_475.png
15.866667,rgb_0/img_476.png
15.900000,rgb_0/img_477.png
15.933333,rgb_0/img_478.png
15.966667,rgb_0/img_479.png
16.000000,rgb_0/img_480.png
16.033333,rgb_0/img_481.png
16.066667,rgb_0/img_482.png
16.100000,rgb_0/img_483.png
16.133333,rgb_0/img_484.png
16.166667,rgb_0/img_485.png
16.200000,rgb_0/img_486.png
16.233333,rgb_0/img_487.png
16.266667,rgb_0/img_488.png
16.300000,rgb_0/img_489.png
16.333333,rgb_0/img_490.png
16.366667,rgb_0/img_491.png
16.400000,rgb_0/img_492.png
16.433333,rgb_0/img_493.png
16.466667,rgb_0/img_494.png
16.500000,rgb_0/img_495.png
16.533333,rgb_0/img_496.png
16.566667,rgb_0/img_497.png
16.600000,rgb_0/img_498.png
16.633333,rgb_0/img_499.png
16.666667,rgb_0/img_500.png
16.700000,rgb_0/img_501.png
16.733333,rgb_0/img_502.png
16.766667,rgb_0/img_503.png
16.800000,rgb_0/img_504.png
16.833333,rgb_0/img_505.png
16.866667,rgb_0/img_506.png
16.900000,rgb_0/img_507.png
16.933333,rgb_0/img_508.png
16.966667,rgb_0/img_509.png
17.000000,rgb_0/img_510.png
17.033333,rgb_0/img_511.png
17.066667,rgb_0/img_512.png
17.100000,rgb_0/img_513.png
17.133333,rgb_0/img_514.png
17.166667,rgb_0/img_515.png
17.200000,rgb_0/img_516.png
17.233333,rgb_0/img_517.png
17.266667,rgb_0/img_518.png
17.300000,rgb_0/img_519.png
17.333333,rgb_0/img_520.png
17.366667,rgb_0/img_521.png
17.400000,rgb_0/img_522.png
17.433333,rgb_0/img_523.png
17.466667,rgb_0/img_524.png
17.500000,rgb_0/img_525.png
17.533333,rgb_0/img_526.png
17.566667,rgb_0/img_527.png
17.600000,rgb_0/img_528.png
17.633333,rgb_0/img_529.png
17.666667,rgb_0/img_530.png
17.700000,rgb_0/img_531.png
17.733333,rgb_0/img_532.png
17.766667,rgb_0/img_533.png
17.800000,rgb_0/img_534.png
17.833333,rgb_0/img_535.png
17.866667,rgb_0/img_536.png
17.900000,rgb_0/img_537.png
17.933333,rgb_0/img_538.png
17.966667,rgb_0/img_539.png
18.000000,rgb_0/img_540.png
18.033333,rgb_0/img_541.png
18.066667,rgb_0/img_542.png
18.100000,rgb_0/img_543.png
18.133333,rgb_0/img_544.png
18.166667,rgb_0/img_545.png
18.200000,rgb_0/img_546.png
18.233333,rgb_0/img_547.png
18.266667,rgb_0/img_548.png
18.300000,rgb_0/img_549.png
18.333333,rgb_0/img_550.png
18.366667,rgb_0/img_551.png
18.400000,rgb_0/img_552.png
18.433333,rgb_0/img_553.png
18.466667,rgb_0/img_554.png
18.500000,rgb_0/img_555.png
18.533333,rgb_0/img_556.png
18.566667,rgb_0/img_557.png
18.600000,rgb_0/img_558.png
18.633333,rgb_0/img_559.png
18.666667,rgb_0/img_560.png
18.700000,rgb_0/img_561.png
18.733333,rgb_0/img_562.png
18.766667,rgb_0/img_563.png
18.800000,rgb_0/img_564.png
18.833333,rgb_0/img_565.png
18.866667,rgb_0/img_566.png
18.900000,rgb_0/img_567.png
18.933333,rgb_0/img_568.png
18.966667,rgb_0/img_569.png
19.000000,rgb_0/img_570.png
19.033333,rgb_0/img_571.png
19.066667,rgb_0/img_572.png
19.100000,rgb_0/img_573.png
19.133333,rgb_0/img_574.png
19.166667,rgb_0/img_575.png
19.200000,rgb_0/img_576.png
19.233333,rgb_0/img_577.png
19.266667,rgb_0/img_578.png
19.300000,rgb_0/img_579.png
19.333333,rgb_0/img_580.png
19.366667,rgb_0/img_581.png
19.400000,rgb_0/img_582.png
19.433333,rgb_0/img_583.png
19.466667,rgb_0/img_584.png
19.500000,rgb_0/img_585.png
19.533333,rgb_0/img_586.png
19.566667,rgb_0/img_587.png
19.600000,rgb_0/img_588.png
19.633333,rgb_0/img_589.png
19.666667,rgb_0/img_590.png
19.700000,rgb_0/img_591.png
19.733333,rgb_0/img_592.png
19.766667,rgb_0/img_593.png
19.800000,rgb_0/img_594.png
19.833333,rgb_0/img_595.png
19.866667,rgb_0/img_596.png
19.900000,rgb_0/img_597.png
19.933333,rgb_0/img_598.png
19.966667,rgb_0/img_599.png
20.000000,rgb_0/img_600.png
20.033333,rgb_0/img_601.png
20.066667,rgb_0/img_602.png
20.100000,rgb_0/img_603.png
20.133333,rgb_0/img_604.png
20.166667,rgb_0/img_605.png
20.200000,rgb_0/img_606.png
20.233333,rgb_0/img_607.png
20.266667,rgb_0/img_608.png
20.300000,rgb_0/img_609.png
20.333333,rgb_0/img_610.png
20.366667,rgb_0/img_611.png
20.400000,rgb_0/img_612.png
20.433333,rgb_0/img_613.png
20.466667,rgb_0/img_614.png
20.500000,rgb_0/img_615.png
20.533333,rgb_0/img_616.png
20.566667,rgb_0/img_617.png
20.600000,rgb_0/img_618.png
20.633333,rgb_0/img_619.png
20.666667,rgb_0/img_620.png
20.700000,rgb_0/img_621.png
20.733333,rgb_0/img_622.png
20.766667,rgb_0/img_623.png
20.800000,rgb_0/img_624.png
20.833333,rgb_0/img_625.png
20.866667,rgb_0/img_626.png
20.900000,rgb_0/img_627.png
20.933333,rgb_0/img_628.png
20.966667,rgb_0/img_629.png
21.000000,rgb_0/img_630.png
21.033333,rgb_0/img_631.png
21.066667,rgb_0/img_632.png
21.100000,rgb_0/img_633.png
21.133333,rgb_0/img_634.png
21.166667,rgb_0/img_635.png
21.200000,rgb_0/img_636.png
21.233333,rgb_0/img_637.png
21.266667,rgb_0/img_638.png
21.300000,rgb_0/img_639.png
21.333333,rgb_0/img_640.png
21.366667,rgb_0/img_641.png
21.400000,rgb_0/img_642.png
21.433333,rgb_0/img_643.png
21.466667,rgb_0/img_644.png
21.500000,rgb_0/img_645.png
21.533333,rgb_0/img_646.png
21.566667,rgb_0/img_647.png
21.600000,rgb_0/img_648.png
21.633333,rgb_0/img_649.png
21.666667,rgb_0/img_650.png
21.700000,rgb_0/img_651.png
21.733333,rgb_0/img_652.png
21.766667,rgb_0/img_653.png
21.800000,rgb_0/img_654.png
21.833333,rgb_0/img_655.png
21.866667,rgb_0/img_656.png
21.900000,rgb_0/img_657.png
21.933333,rgb_0/img_658.png
21.966667,rgb_0/img_659.png
22.000000,rgb_0/img_660.png
22.033333,rgb_0/img_661.png
22.066667,rgb_0/img_662.png
22.100000,rgb_0/img_663.png
22.133333,rgb_0/img_664.png
22.166667,rgb_0/img_665.png
22.200000,rgb_0/img_666.png
22.233333,rgb_0/img_667.png
22.266667,rgb_0/img_668.png
22.300000,rgb_0/img_669.png
22.333333,rgb_0/img_670.png
22.366667,rgb_0/img_671.png
22.400000,rgb_0/img_672.png
22.433333,rgb_0/img_673.png
22.466667,rgb_0/img_674.png
22.500000,rgb_0/img_675.png
22.533333,rgb_0/img_676.png
22.566667,rgb_0/img_677.png
22.600000,rgb_0/img_678.png
22.633333,rgb_0/img_679.png
22.666667,rgb_0/img_680.png
22.700000,rgb_0/img_681.png
22.733333,rgb_0/img_682.png
22.766667,rgb_0/img_683.png
22.800000,rgb_0/img_684.png
22.833333,rgb_0/img_685.png
22.866667,rgb_0/img_686.png
22.900000,rgb_0/img_687.png
22.933333,rgb_0/img_688.png
22.966667,rgb_0/img_689.png
23.000000,rgb_0/img_690.png
23.033333,rgb_0/img_691.png
23.066667,rgb_0/img_692.png
23.100000,rgb_0/img_693.png
23.133333,rgb_0/img_694.png
23.166667,rgb_0/img_695.png
23.200000,rgb_0/img_696.png
23.233333,rgb_0/img_697.png
23.266667,rgb_0/img_698.png
23.300000,rgb_0/img_699.png
23.333333,rgb_0/img_700.png
23.366667,rgb_0/img_701.png
23.400000,rgb_0/img_702.png
23.433333,rgb_0/img_703.png
23.466667,rgb_0/img_704.png
23.500000,rgb_0/img_705.png
23.533333,rgb_0/img_706.png
23.566667,rgb_0/img_707.png
23.600000,rgb_0/img_708.png
23.633333,rgb_0/img_709.png
23.666667,rgb_0/img_710.png
23.700000,rgb_0/img_711.png
23.733333,rgb_0/img_712.png
23.766667,rgb_0/img_713.png
23.800000,rgb_0/img_714.png
23.833333,rgb_0/img_715.png
23.866667,rgb_0/img_716.png
23.900000,rgb_0/img_717.png
23.933333,rgb_0/img_718.png
23.966667,rgb_0/img_719.png
24.000000,rgb_0/img_720.png
24.033333,rgb_0/img_721.png
24.066667,rgb_0/img_722.png
24.100000,rgb_0/img_723.png
24.133333,rgb_0/img_724.png
24.166667,rgb_0/img_725.png
24.200000,rgb_0/img_726.png
24.233333,rgb_0/img_727.png
24.266667,rgb_0/img_728.png
24.300000,rgb_0/img_729.png
24.333333,rgb_0/img_730.png
24.366667,rgb_0/img_731.png
24.400000,rgb_0/img_732.png
24.433333,rgb_0/img_733.png
24.466667,rgb_0/img_734.png
24.500000,rgb_0/img_735.png
24.533333,rgb_0/img_736.png
24.566667,rgb_0/img_737.png
24.600000,rgb_0/img_738.png
24.633333,rgb_0/img_739.png
24.666667,rgb_0/img_740.png
24.700000,rgb_0/img_741.png
24.733333,rgb_0/img_742.png
24.766667,rgb_0/img_743.png
24.800000,rgb_0/img_744.png
24.833333,rgb_0/img_745.png
24.866667,rgb_0/img_746.png
24.900000,rgb_0/img_747.png
24.933333,rgb_0/img_748.png
24.966667,rgb_0/img_749.png
25.000000,rgb_0/img_750.png
25.033333,rgb_0/img_751.png
25.066667,rgb_0/img_752.png
25.100000,rgb_0/img_753.png
25.133333,rgb_0/img_754.png
25.166667,rgb_0/img_755.png
25.200000,rgb_0/img_756.png
25.233333,rgb_0/img_757.png
25.266667,rgb_0/img_758.png
25.300000,rgb_0/img_759.png
25.333333,rgb_0/img_760.png
25.366667,rgb_0/img_761.png
25.400000,rgb_0/img_762.png
25.433333,rgb_0/img_763.png
25.466667,rgb_0/img_764.png
25.500000,rgb_0/img_765.png
25.533333,rgb_0/img_766.png
25.566667,rgb_0/img_767.png
25.600000,rgb_0/img_768.png
25.633333,rgb_0/img_769.png
25.666667,rgb_0/img_770.png
25.700000,rgb_0/img_771.png
25.733333,rgb_0/img_772.png
25.766667,rgb_0/img_773.png
25.800000,rgb_0/img_774.png
25.833333,rgb_0/img_775.png
25.866667,rgb_0/img_776.png
25.900000,rgb_0/img_777.png
25.933333,rgb_0/img_778.png
25.966667,rgb_0/img_779.png
26.000000,rgb_0/img_780.png
26.033333,rgb_0/img_781.png
26.066667,rgb_0/img_782.png
26.100000,rgb_0/img_783.png
26.133333,rgb_0/img_784.png
26.166667,rgb_0/img_785.png
26.200000,rgb_0/img_786.png
26.233333,rgb_0/img_787.png
26.266667,rgb_0/img_788.png
26.300000,rgb_0/img_789.png
26.333333,rgb_0/img_790.png
26.366667,rgb_0/img_791.png
26.400000,rgb_0/img_792.png
26.433333,rgb_0/img_793.png
26.466667,rgb_0/img_794.png
26.500000,rgb_0/img_795.png
26.533333,rgb_0/img_796.png
26.566667,rgb_0/img_797.png
26.600000,rgb_0/img_798.png
26.633333,rgb_0/img_799.png
26.666667,rgb_0/img_800.png
26.700000,rgb_0/img_801.png
26.733333,rgb_0/img_802.png
26.766667,rgb_0/img_803.png
26.800000,rgb_0/img_804.png
26.833333,rgb_0/img_805.png
26.866667,rgb_0/img_806.png
26.900000,rgb_0/img_807.png
26.933333,rgb_0/img_808.png
26.966667,rgb_0/img_809.png
27.000000,rgb_0/img_810.png
27.033333,rgb_0/img_811.png
27.066667,rgb_0/img_812.png
27.100000,rgb_0/img_813.png
27.133333,rgb_0/img_814.png
27.166667,rgb_0/img_815.png
27.200000,rgb_0/img_816.png
27.233333,rgb_0/img_817.png
27.266667,rgb_0/img_818.png
27.300000,rgb_0/img_819.png
27.333333,rgb_0/img_820.png
27.366667,rgb_0/img_821.png
27.400000,rgb_0/img_822.png
27.433333,rgb_0/img_823.png
27.466667,rgb_0/img_824.png
27.500000,rgb_0/img_825.png
27.533333,rgb_0/img_826.png
27.566667,rgb_0/img_827.png
27.600000,rgb_0/img_828.png
27.633333,rgb_0/img_829.png
27.666667,rgb_0/img_830.png
27.700000,rgb_0/img_831.png
27.733333,rgb_0/img_832.png
27.766667,rgb_0/img_833.png
27.800000,rgb_0/img_834.png
27.833333,rgb_0/img_835.png
27.866667,rgb_0/img_836.png
27.900000,rgb_0/img_837.png
27.933333,rgb_0/img_838.png
27.966667,rgb_0/img_839.png
28.000000,rgb_0/img_840.png
28.033333,rgb_0/img_841.png
28.066667,rgb_0/img_842.png
28.100000,rgb_0/img_843.png
28.133333,rgb_0/img_844.png
28.166667,rgb_0/img_845.png
28.200000,rgb_0/img_846.png
28.233333,rgb_0/img_847.png
28.266667,rgb_0/img_848.png
28.300000,rgb_0/img_849.png
28.333333,rgb_0/img_850.png
28.366667,rgb_0/img_851.png
28.400000,rgb_0/img_852.png
28.433333,rgb_0/img_853.png
28.466667,rgb_0/img_854.png
28.500000,rgb_0/img_855.png
28.533333,rgb_0/img_856.png
28.566667,rgb_0/img_857.png
28.600000,rgb_0/img_858.png
28.633333,rgb_0/img_859.png
28.666667,rgb_0/img_860.png
28.700000,rgb_0/img_861.png
28.733333,rgb_0/img_862.png
28.766667,rgb_0/img_863.png
28.800000,rgb_0/img_864.png
28.833333,rgb_0/img_865.png
28.866667,rgb_0/img_866.png
28.900000,rgb_0/img_867.png
28.933333,rgb_0/img_868.png
28.966667,rgb_0/img_869.png
29.000000,rgb_0/img_870.png
29.033333,rgb_0/img_871.png
29.066667,rgb_0/img_872.png
29.100000,rgb_0/img_873.png
29.133333,rgb_0/img_874.png
29.166667,rgb_0/img_875.png
29.200000,rgb_0/img_876.png
29.233333,rgb_0/img_877.png
29.266667,rgb_0/img_878.png
29.300000,rgb_0/img_879.png
29.333333,rgb_0/img_880.png
29.366667,rgb_0/img_881.png
29.400000,rgb_0/img_882.png
29.433333,rgb_0/img_883.png
29.466667,rgb_0/img_884.png
29.500000,rgb_0/img_885.png
29.533333,rgb_0/img_886.png
29.566667,rgb_0/img_887.png
29.600000,rgb_0/img_888.png
29.633333,rgb_0/img_889.png
29.666667,rgb_0/img_890.png
29.700000,rgb_0/img_891.png
29.733333,rgb_0/img_892.png
29.766667,rgb_0/img_893.png
29.800000,rgb_0/img_894.png
29.833333,rgb_0/img_895.png
29.866667,rgb_0/img_896.png
29.900000,rgb_0/img_897.png
29.933333,rgb_0/img_898.png
29.966667,rgb_0/img_899.png
30.000000,rgb_0/img_900.png
30.033333,rgb_0/img_901.png
30.066667,rgb_0/img_902.png
30.100000,rgb_0/img_903.png
30.133333,rgb_0/img_904.png
30.166667,rgb_0/img_905.png
30.200000,rgb_0/img_906.png
30.233333,rgb_0/img_907.png
30.266667,rgb_0/img_908.png
30.300000,rgb_0/img_909.png
30.333333,rgb_0/img_910.png
30.366667,rgb_0/img_911.png
30.400000,rgb_0/img_912.png
30.433333,rgb_0/img_913.png
30.466667,rgb_0/img_914.png
30.500000,rgb_0/img_915.png
30.533333,rgb_0/img_916.png
30.566667,rgb_0/img_917.png
30.600000,rgb_0/img_918.png
30.633333,rgb_0/img_919.png
30.666667,rgb_0/img_920.png
30.700000,rgb_0/img_921.png
30.733333,rgb_0/img_922.png
30.766667,rgb_0/img_923.png
30.800000,rgb_0/img_924.png
30.833333,rgb_0/img_925.png
30.866667,rgb_0/img_926.png
30.900000,rgb_0/img_927.png
30.933333,rgb_0/img_928.png
30.966667,rgb_0/img_929.png
31.000000,rgb_0/img_930.png
31.033333,rgb_0/img_931.png
31.066667,rgb_0/img_932.png
31.100000,rgb_0/img_933.png
31.133333,rgb_0/img_934.png
31.166667,rgb_0/img_935.png
31.200000,rgb_0/img_936.png
31.233333,rgb_0/img_937.png
31.266667,rgb_0/img_938.png
31.300000,rgb_0/img_939.png
31.333333,rgb_0/img_940.png
31.366667,rgb_0/img_941.png
31.400000,rgb_0/img_942.png
31.433333,rgb_0/img_943.png
31.466667,rgb_0/img_944.png
31.500000,rgb_0/img_945.png
31.533333,rgb_0/img_946.png
31.566667,rgb_0/img_947.png
31.600000,rgb_0/img_948.png
31.633333,rgb_0/img_949.png
31.666667,rgb_0/img_950.png
31.700000,rgb_0/img_951.png
31.733333,rgb_0/img_952.png
31.766667,rgb_0/img_953.png
31.800000,rgb_0/img_954.png
31.833333,rgb_0/img_955.png
31.866667,rgb_0/img_956.png
31.900000,rgb_0/img_957.png
31.933333,rgb_0/img_958.png
31.966667,rgb_0/img_959.png
32.000000,rgb_0/img_960.png
32.033333,rgb_0/img_961.png
32.066667,rgb_0/img_962.png
32.100000,rgb_0/img_963.png
32.133333,rgb_0/img_964.png
32.166667,rgb_0/img_965.png
32.200000,rgb_0/img_966.png
32.233333,rgb_0/img_967.png
32.266667,rgb_0/img_968.png
32.300000,rgb_0/img_969.png
32.333333,rgb_0/img_970.png
32.366667,rgb_0/img_971.png
32.400000,rgb_0/img_972.png
32.433333,rgb_0/img_973.png
32.466667,rgb_0/img_974.png
32.500000,rgb_0/img_975.png
32.533333,rgb_0/img_976.png
32.566667,rgb_0/img_977.png
32.600000,rgb_0/img_978.png
32.633333,rgb_0/img_979.png
32.666667,rgb_0/img_980.png
32.700000,rgb_0/img_981.png
32.733333,rgb_0/img_982.png
32.766667,rgb_0/img_983.png
32.800000,rgb_0/img_984.png
32.833333,rgb_0/img_985.png
32.866667,rgb_0/img_986.png
32.900000,rgb_0/img_987.png
32.933333,rgb_0/img_988.png
32.966667,rgb_0/img_989.png
33.000000,rgb_0/img_990.png
33.033333,rgb_0/img_991.png
33.066667,rgb_0/img_992.png
33.100000,rgb_0/img_993.png
33.133333,rgb_0/img_994.png
33.166667,rgb_0/img_995.png
33.200000,rgb_0/img_996.png
33.233333,rgb_0/img_997.png
33.266667,rgb_0/img_998.png
33.300000,rgb_0/img_999.png
33.333333,rgb_0/img_1000.png
33.366667,rgb_0/img_1001.png
33.400000,rgb_0/img_1002.png
33.433333,rgb_0/img_1003.png
33.466667,rgb_0/img_1004.png
33.500000,rgb_0/img_1005.png
33.533333,rgb_0/img_1006.png
33.566667,rgb_0/img_1007.png
33.600000,rgb_0/img_1008.png
33.633333,rgb_0/img_1009.png
33.666667,rgb_0/img_1010.png
33.700000,rgb_0/img_1011.png
33.733333,rgb_0/img_1012.png
33.766667,rgb_0/img_1013.png
33.800000,rgb_0/img_1014.png
33.833333,rgb_0/img_1015.png
33.866667,rgb_0/img_1016.png
33.900000,rgb_0/img_1017.png
33.933333,rgb_0/img_1018.png
33.966667,rgb_0/img_1019.png
34.000000,rgb_0/img_1020.png
34.033333,rgb_0/img_1021.png
34.066667,rgb_0/img_1022.png
34.100000,rgb_0/img_1023.png
34.133333,rgb_0/img_1024.png
34.166667,rgb_0/img_1025.png
34.200000,rgb_0/img_1026.png
34.233333,rgb_0/img_1027.png
34.266667,rgb_0/img_1028.png
34.300000,rgb_0/img_1029.png
34.333333,rgb_0/img_1030.png
34.366667,rgb_0/img_1031.png
34.400000,rgb_0/img_1032.png
34.433333,rgb_0/img_1033.png
34.466667,rgb_0/img_1034.png
34.500000,rgb_0/img_1035.png
34.533333,rgb_0/img_1036.png
34.566667,rgb_0/img_1037.png
34.600000,rgb_0/img_1038.png
34.633333,rgb_0/img_1039.png
34.666667,rgb_0/img_1040.png
34.700000,rgb_0/img_1041.png
34.733333,rgb_0/img_1042.png
34.766667,rgb_0/img_1043.png
34.800000,rgb_0/img_1044.png
34.833333,rgb_0/img_1045.png
34.866667,rgb_0/img_1046.png
34.900000,rgb_0/img_1047.png
34.933333,rgb_0/img_1048.png
34.966667,rgb_0/img_1049.png
35.000000,rgb_0/img_1050.png
35.033333,rgb_0/img_1051.png
35.066667,rgb_0/img_1052.png
35.100000,rgb_0/img_1053.png
35.133333,rgb_0/img_1054.png
35.166667,rgb_0/img_1055.png
35.200000,rgb_0/img_1056.png
35.233333,rgb_0/img_1057.png
35.266667,rgb_0/img_1058.png
35.300000,rgb_0/img_1059.png
35.333333,rgb_0/img_1060.png
35.366667,rgb_0/img_1061.png
35.400000,rgb_0/img_1062.png
35.433333,rgb_0/img_1063.png
35.466667,rgb_0/img_1064.png
35.500000,rgb_0/img_1065.png
35.533333,rgb_0/img_1066.png
35.566667,rgb_0/img_1067.png
35.600000,rgb_0/img_1068.png
35.633333,rgb_0/img_1069.png
35.666667,rgb_0/img_1070.png
35.700000,rgb_0/img_1071.png
35.733333,rgb_0/img_1072.png
35.766667,rgb_0/img_1073.png
35.800000,rgb_0/img_1074.png
35.833333,rgb_0/img_1075.png
35.866667,rgb_0/img_1076.png
35.900000,rgb_0/img_1077.png
35.933333,rgb_0/img_1078.png
35.966667,rgb_0/img_1079.png
36.000000,rgb_0/img_1080.png
36.033333,rgb_0/img_1081.png
36.066667,rgb_0/img_1082.png
36.100000,rgb_0/img_1083.png
36.133333,rgb_0/img_1084.png
36.166667,rgb_0/img_1085.png
36.200000,rgb_0/img_1086.png
36.233333,rgb_0/img_1087.png
36.266667,rgb_0/img_1088.png
36.300000,rgb_0/img_1089.png
36.333333,rgb_0/img_1090.png
36.366667,rgb_0/img_1091.png
36.400000,rgb_0/img_1092.png
36.433333,rgb_0/img_1093.png
36.466667,rgb_0/img_1094.png
36.500000,rgb_0/img_1095.png
36.533333,rgb_0/img_1096.png
36.566667,rgb_0/img_1097.png
36.600000,rgb_0/img_1098.png
36.633333,rgb_0/img_1099.png
36.666667,rgb_0/img_1100.png
36.700000,rgb_0/img_1101.png
36.733333,rgb_0/img_1102.png
36.766667,rgb_0/img_1103.png
36.800000,rgb_0/img_1104.png
36.833333,rgb_0/img_1105.png
36.866667,rgb_0/img_1106.png
36.900000,rgb_0/img_1107.png
36.933333,rgb_0/img_1108.png
36.966667,rgb_0/img_1109.png
37.000000,rgb_0/img_1110.png
37.033333,rgb_0/img_1111.png
37.066667,rgb_0/img_1112.png
37.100000,rgb_0/img_1113.png
37.133333,rgb_0/img_1114.png
37.166667,rgb_0/img_1115.png
37.200000,rgb_0/img_1116.png
37.233333,rgb_0/img_1117.png
37.266667,rgb_0/img_1118.png
37.300000,rgb_0/img_1119.png
37.333333,rgb_0/img_1120.png
37.366667,rgb_0/img_1121.png
37.400000,rgb_0/img_1122.png
37.433333,rgb_0/img_1123.png
37.466667,rgb_0/img_1124.png
37.500000,rgb_0/img_1125.png
37.533333,rgb_0/img_1126.png
37.566667,rgb_0/img_1127.png
37.600000,rgb_0/img_1128.png
37.633333,rgb_0/img_1129.png
37.666667,rgb_0/img_1130.png
37.700000,rgb_0/img_1131.png
37.733333,rgb_0/img_1132.png
37.766667,rgb_0/img_1133.png
37.800000,rgb_0/img_1134.png
37.833333,rgb_0/img_1135.png
37.866667,rgb_0/img_1136.png
37.900000,rgb_0/img_1137.png
37.933333,rgb_0/img_1138.png
37.966667,rgb_0/img_1139.png
38.000000,rgb_0/img_1140.png
38.033333,rgb_0/img_1141.png
38.066667,rgb_0/img_1142.png
38.100000,rgb_0/img_1143.png
38.133333,rgb_0/img_1144.png
38.166667,rgb_0/img_1145.png
38.200000,rgb_0/img_1146.png
38.233333,rgb_0/img_1147.png
38.266667,rgb_0/img_1148.png
38.300000,rgb_0/img_1149.png
38.333333,rgb_0/img_1150.png
38.366667,rgb_0/img_1151.png
38.400000,rgb_0/img_1152.png
38.433333,rgb_0/img_1153.png
38.466667,rgb_0/img_1154.png
38.500000,rgb_0/img_1155.png
38.533333,rgb_0/img_1156.png
38.566667,rgb_0/img_1157.png
38.600000,rgb_0/img_1158.png
38.633333,rgb_0/img_1159.png
38.666667,rgb_0/img_1160.png
38.700000,rgb_0/img_1161.png
38.733333,rgb_0/img_1162.png
38.766667,rgb_0/img_1163.png
38.800000,rgb_0/img_1164.png
38.833333,rgb_0/img_1165.png
38.866667,rgb_0/img_1166.png
38.900000,rgb_0/img_1167.png
38.933333,rgb_0/img_1168.png
38.966667,rgb_0/img_1169.png
39.000000,rgb_0/img_1170.png
39.033333,rgb_0/img_1171.png
39.066667,rgb_0/img_1172.png
39.100000,rgb_0/img_1173.png
39.133333,rgb_0/img_1174.png
39.166667,rgb_0/img_1175.png
39.200000,rgb_0/img_1176.png
39.233333,rgb_0/img_1177.png
39.266667,rgb_0/img_1178.png
39.300000,rgb_0/img_1179.png
39.333333,rgb_0/img_1180.png
39.366667,rgb_0/img_1181.png
39.400000,rgb_0/img_1182.png
39.433333,rgb_0/img_1183.png
39.466667,rgb_0/img_1184.png
39.500000,rgb_0/img_1185.png
39.533333,rgb_0/img_1186.png
39.566667,rgb_0/img_1187.png
39.600000,rgb_0/img_1188.png
39.633333,rgb_0/img_1189.png
39.666667,rgb_0/img_1190.png
39.700000,rgb_0/img_1191.png
39.733333,rgb_0/img_1192.png
39.766667,rgb_0/img_1193.png
39.800000,rgb_0/img_1194.png
39.833333,rgb_0/img_1195.png
39.866667,rgb_0/img_1196.png
39.900000,rgb_0/img_1197.png
39.933333,rgb_0/img_1198.png
39.966667,rgb_0/img_1199.png
40.000000,rgb_0/img_1200.png
40.033333,rgb_0/img_1201.png
40.066667,rgb_0/img_1202.png
40.100000,rgb_0/img_1203.png
40.133333,rgb_0/img_1204.png
40.166667,rgb_0/img_1205.png
40.200000,rgb_0/img_1206.png
40.233333,rgb_0/img_1207.png
40.266667,rgb_0/img_1208.png
40.300000,rgb_0/img_1209.png
40.333333,rgb_0/img_1210.png
40.366667,rgb_0/img_1211.png
40.400000,rgb_0/img_1212.png
40.433333,rgb_0/img_1213.png
40.466667,rgb_0/img_1214.png
40.500000,rgb_0/img_1215.png
40.533333,rgb_0/img_1216.png
40.566667,rgb_0/img_1217.png
40.600000,rgb_0/img_1218.png
40.633333,rgb_0/img_1219.png
40.666667,rgb_0/img_1220.png
40.700000,rgb_0/img_1221.png
40.733333,rgb_0/img_1222.png
40.766667,rgb_0/img_1223.png
40.800000,rgb_0/img_1224.png
40.833333,rgb_0/img_1225.png
40.866667,rgb_0/img_1226.png
40.900000,rgb_0/img_1227.png
40.933333,rgb_0/img_1228.png
40.966667,rgb_0/img_1229.png
41.000000,rgb_0/img_1230.png
41.033333,rgb_0/img_1231.png
41.066667,rgb_0/img_1232.png
41.100000,rgb_0/img_1233.png
41.133333,rgb_0/img_1234.png
41.166667,rgb_0/img_1235.png
41.200000,rgb_0/img_1236.png
41.233333,rgb_0/img_1237.png
41.266667,rgb_0/img_1238.png
41.300000,rgb_0/img_1239.png
41.333333,rgb_0/img_1240.png
41.366667,rgb_0/img_1241.png
41.400000,rgb_0/img_1242.png
41.433333,rgb_0/img_1243.png
41.466667,rgb_0/img_1244.png
41.500000,rgb_0/img_1245.png
41.533333,rgb_0/img_1246.png
41.566667,rgb_0/img_1247.png
41.600000,rgb_0/img_1248.png
41.633333,rgb_0/img_1249.png
41.666667,rgb_0/img_1250.png
41.700000,rgb_0/img_1251.png
41.733333,rgb_0/img_1252.png
41.766667,rgb_0/img_1253.png
41.800000,rgb_0/img_1254.png
41.833333,rgb_0/img_1255.png
41.866667,rgb_0/img_1256.png
41.900000,rgb_0/img_1257.png
41.933333,rgb_0/img_1258.png
41.966667,rgb_0/img_1259.png
42.000000,rgb_0/img_1260.png
42.033333,rgb_0/img_1261.png
42.066667,rgb_0/img_1262.png
42.100000,rgb_0/img_1263.png
42.133333,rgb_0/img_1264.png
42.166667,rgb_0/img_1265.png
42.200000,rgb_0/img_1266.png
42.233333,rgb_0/img_1267.png
42.266667,rgb_0/img_1268.png
42.300000,rgb_0/img_1269.png
42.333333,rgb_0/img_1270.png
42.366667,rgb_0/img_1271.png
42.400000,rgb_0/img_1272.png
42.433333,rgb_0/img_1273.png
42.466667,rgb_0/img_1274.png
42.500000,rgb_0/img_1275.png
42.533333,rgb_0/img_1276.png
42.566667,rgb_0/img_1277.png
42.600000,rgb_0/img_1278.png
42.633333,rgb_0/img_1279.png
42.666667,rgb_0/img_1280.png
42.700000,rgb_0/img_1281.png
42.733333,rgb_0/img_1282.png
42.766667,rgb_0/img_1283.png
42.800000,rgb_0/img_1284.png
42.833333,rgb_0/img_1285.png
42.866667,rgb_0/img_1286.png
42.900000,rgb_0/img_1287.png
42.933333,rgb_0/img_1288.png
42.966667,rgb_0/img_1289.png
43.000000,rgb_0/img_1290.png
43.033333,rgb_0/img_1291.png
43.066667,rgb_0/img_1292.png
43.100000,rgb_0/img_1293.png
43.133333,rgb_0/img_1294.png
43.166667,rgb_0/img_1295.png
43.200000,rgb_0/img_1296.png
43.233333,rgb_0/img_1297.png
43.266667,rgb_0/img_1298.png
43.300000,rgb_0/img_1299.png
43.333333,rgb_0/img_1300.png
43.366667,rgb_0/img_1301.png
43.400000,rgb_0/img_1302.png
43.433333,rgb_0/img_1303.png
43.466667,rgb_0/img_1304.png
43.500000,rgb_0/img_1305.png
43.533333,rgb_0/img_1306.png
43.566667,rgb_0/img_1307.png
43.600000,rgb_0/img_1308.png
43.633333,rgb_0/img_1309.png
43.666667,rgb_0/img_1310.png
43.700000,rgb_0/img_1311.png
43.733333,rgb_0/img_1312.png
43.766667,rgb_0/img_1313.png
43.800000,rgb_0/img_1314.png
43.833333,rgb_0/img_1315.png
43.866667,rgb_0/img_1316.png
43.900000,rgb_0/img_1317.png
43.933333,rgb_0/img_1318.png
43.966667,rgb_0/img_1319.png
44.000000,rgb_0/img_1320.png
44.033333,rgb_0/img_1321.png
44.066667,rgb_0/img_1322.png
44.100000,rgb_0/img_1323.png
44.133333,rgb_0/img_1324.png
44.166667,rgb_0/img_1325.png
44.200000,rgb_0/img_1326.png
44.233333,rgb_0/img_1327.png
44.266667,rgb_0/img_1328.png
44.300000,rgb_0/img_1329.png
44.333333,rgb_0/img_1330.png
44.366667,rgb_0/img_1331.png
44.400000,rgb_0/img_1332.png
44.433333,rgb_0/img_1333.png
44.466667,rgb_0/img_1334.png
44.500000,rgb_0/img_1335.png
44.533333,rgb_0/img_1336.png
44.566667,rgb_0/img_1337.png
44.600000,rgb_0/img_1338.png
44.633333,rgb_0/img_1339.png
44.666667,rgb_0/img_1340.png
44.700000,rgb_0/img_1341.png
44.733333,rgb_0/img_1342.png
44.766667,rgb_0/img_1343.png
44.800000,rgb_0/img_1344.png
44.833333,rgb_0/img_1345.png
44.866667,rgb_0/img_1346.png
44.900000,rgb_0/img_1347.png
44.933333,rgb_0/img_1348.png
44.966667,rgb_0/img_1349.png
45.000000,rgb_0/img_1350.png
45.033333,rgb_0/img_1351.png
45.066667,rgb_0/img_1352.png
45.100000,rgb_0/img_1353.png
45.133333,rgb_0/img_1354.png
45.166667,rgb_0/img_1355.png
45.200000,rgb_0/img_1356.png
45.233333,rgb_0/img_1357.png
45.266667,rgb_0/img_1358.png
45.300000,rgb_0/img_1359.png
45.333333,rgb_0/img_1360.png
45.366667,rgb_0/img_1361.png
45.400000,rgb_0/img_1362.png
45.433333,rgb_0/img_1363.png
45.466667,rgb_0/img_1364.png
45.500000,rgb_0/img_1365.png
45.533333,rgb_0/img_1366.png
45.566667,rgb_0/img_1367.png
45.600000,rgb_0/img_1368.png
45.633333,rgb_0/img_1369.png
45.666667,rgb_0/img_1370.png
45.700000,rgb_0/img_1371.png
45.733333,rgb_0/img_1372.png
45.766667,rgb_0/img_1373.png
45.800000,rgb_0/img_1374.png
45.833333,rgb_0/img_1375.png
45.866667,rgb_0/img_1376.png
45.900000,rgb_0/img_1377.png
45.933333,rgb_0/img_1378.png
45.966667,rgb_0/img_1379.png
46.000000,rgb_0/img_1380.png
46.033333,rgb_0/img_1381.png
46.066667,rgb_0/img_1382.png
46.100000,rgb_0/img_1383.png
46.133333,rgb_0/img_1384.png
46.166667,rgb_0/img_1385.png
46.200000,rgb_0/img_1386.png
46.233333,rgb_0/img_1387.png
46.266667,rgb_0/img_1388.png
46.300000,rgb_0/img_1389.png
46.333333,rgb_0/img_1390.png
46.366667,rgb_0/img_1391.png
46.400000,rgb_0/img_1392.png
46.433333,rgb_0/img_1393.png
46.466667,rgb_0/img_1394.png
46.500000,rgb_0/img_1395.png
46.533333,rgb_0/img_1396.png
46.566667,rgb_0/img_1397.png
46.600000,rgb_0/img_1398.png
46.633333,rgb_0/img_1399.png
46.666667,rgb_0/img_1400.png
46.700000,rgb_0/img_1401.png
46.733333,rgb_0/img_1402.png
46.766667,rgb_0/img_1403.png
46.800000,rgb_0/img_1404.png
46.833333,rgb_0/img_1405.png
46.866667,rgb_0/img_1406.png
46.900000,rgb_0/img_1407.png
46.933333,rgb_0/img_1408.png
46.966667,rgb_0/img_1409.png
47.000000,rgb_0/img_1410.png
47.033333,rgb_0/img_1411.png
47.066667,rgb_0/img_1412.png
47.100000,rgb_0/img_1413.png
47.133333,rgb_0/img_1414.png
47.166667,rgb_0/img_1415.png
47.200000,rgb_0/img_1416.png
47.233333,rgb_0/img_1417.png
47.266667,rgb_0/img_1418.png
47.300000,rgb_0/img_1419.png
47.333333,rgb_0/img_1420.png
47.366667,rgb_0/img_1421.png
47.400000,rgb_0/img_1422.png
47.433333,rgb_0/img_1423.png
47.466667,rgb_0/img_1424.png
47.500000,rgb_0/img_1425.png
47.533333,rgb_0/img_1426.png
47.566667,rgb_0/img_1427.png
47.600000,rgb_0/img_1428.png
47.633333,rgb_0/img_1429.png
47.666667,rgb_0/img_1430.png
47.700000,rgb_0/img_1431.png
47.733333,rgb_0/img_1432.png
47.766667,rgb_0/img_1433.png
47.800000,rgb_0/img_1434.png
47.833333,rgb_0/img_1435.png
47.866667,rgb_0/img_1436.png
47.900000,rgb_0/img_1437.png
47.933333,rgb_0/img_1438.png
47.966667,rgb_0/img_1439.png
48.000000,rgb_0/img_1440.png
48.033333,rgb_0/img_1441.png
48.066667,rgb_0/img_1442.png
48.100000,rgb_0/img_1443.png
48.133333,rgb_0/img_1444.png
48.166667,rgb_0/img_1445.png
48.200000,rgb_0/img_1446.png
48.233333,rgb_0/img_1447.png
48.266667,rgb_0/img_1448.png
48.300000,rgb_0/img_1449.png
48.333333,rgb_0/img_1450.png
48.366667,rgb_0/img_1451.png
48.400000,rgb_0/img_1452.png
48.433333,rgb_0/img_1453.png
48.466667,rgb_0/img_1454.png
48.500000,rgb_0/img_1455.png
48.533333,rgb_0/img_1456.png
48.566667,rgb_0/img_1457.png
48.600000,rgb_0/img_1458.png
48.633333,rgb_0/img_1459.png
48.666667,rgb_0/img_1460.png
48.700000,rgb_0/img_1461.png
48.733333,rgb_0/img_1462.png
48.766667,rgb_0/img_1463.png
48.800000,rgb_0/img_1464.png
48.833333,rgb_0/img_1465.png
48.866667,rgb_0/img_1466.png
48.900000,rgb_0/img_1467.png
48.933333,rgb_0/img_1468.png
48.966667,rgb_0/img_1469.png
49.000000,rgb_0/img_1470.png
49.033333,rgb_0/img_1471.png
49.066667,rgb_0/img_1472.png
49.100000,rgb_0/img_1473.png
49.133333,rgb_0/img_1474.png
49.166667,rgb_0/img_1475.png
49.200000,rgb_0/img_1476.png
49.233333,rgb_0/img_1477.png
49.266667,rgb_0/img_1478.png
49.300000,rgb_0/img_1479.png
49.333333,rgb_0/img_1480.png
49.366667,rgb_0/img_1481.png
49.400000,rgb_0/img_1482.png
49.433333,rgb_0/img_1483.png
49.466667,rgb_0/img_1484.png
49.500000,rgb_0/img_1485.png
49.533333,rgb_0/img_1486.png
49.566667,rgb_0/img_1487.png
49.600000,rgb_0/img_1488.png
49.633333,rgb_0/img_1489.png
49.666667,rgb_0/img_1490.png
49.700000,rgb_0/img_1491.png
49.733333,rgb_0/img_1492.png
49.766667,rgb_0/img_1493.png
49.800000,rgb_0/img_1494.png
49.833333,rgb_0/img_1495.png
49.866667,rgb_0/img_1496.png
49.900000,rgb_0/img_1497.png
49.933333,rgb_0/img_1498.png
49.966667,rgb_0/img_1499.png
50.000000,rgb_0/img_1500.png
50.033333,rgb_0/img_1501.png
50.066667,rgb_0/img_1502.png
50.100000,rgb_0/img_1503.png
50.133333,rgb_0/img_1504.png
50.166667,rgb_0/img_1505.png
50.200000,rgb_0/img_1506.png
50.233333,rgb_0/img_1507.png
50.266667,rgb_0/img_1508.png
50.300000,rgb_0/img_1509.png
50.333333,rgb_0/img_1510.png
50.366667,rgb_0/img_1511.png
50.400000,rgb_0/img_1512.png
50.433333,rgb_0/img_1513.png
50.466667,rgb_0/img_1514.png
50.500000,rgb_0/img_1515.png
50.533333,rgb_0/img_1516.png
